"Name","Team","Season","GP","TOI","W","L","OL","ROW","Points","Points%","GF","GA","GÂ±","Sh%","Sv%"
"Blackhawks","CHI","12-13",48,2945.4,36,7,5,30,77,80.2,155,102,53,10,92.3
"Lightning","T.B","18-19",82,4979.6,62,16,4,56,128,78,325,222,103,12.2,91.6
"Penguins","PIT","12-13",48,2898.4,36,12,0,33,72,75,165,119,46,11.3,91.5
"Panthers","FLA","21-22",82,4984.2,58,18,6,55,122,74.4,340,246,94,11,90.4
"Capitals","WSH","09-10",82,5008.6,54,15,13,NA,121,73.8,318,233,85,11.6,91
"Capitals","WSH","15-16",82,4982.7,56,18,8,52,120,73.2,252,193,59,9.9,91.8
"Avalanche","COL","20-21",56,3378.7,39,13,4,39,82,73.2,197,133,64,10.2,90.7
"Golden Knights","VGK","20-21",56,3396.1,40,14,2,39,82,73.2,191,124,67,10.4,92
"Avalanche","COL","21-22",82,4967.6,56,19,7,52,119,72.6,312,234,78,10.7,91.2
"Capitals","WSH","16-17",82,4973.1,55,19,8,53,118,72,263,182,81,10.5,92.2
"Bruins","BOS","19-20",70,4260.7,44,14,12,44,100,71.4,227,174,53,10.1,92.1
"Hurricanes","CAR","20-21",56,3417.8,36,12,8,32,80,71.4,179,136,43,9.8,91.5
"Sharks","S.J","08-09",82,4999.9,53,18,11,NA,117,71.3,257,204,53,9.2,91
"Canucks","VAN","10-11",82,4984.9,54,19,9,50,117,71.3,262,185,77,9.8,92.7
"Bruins","BOS","13-14",82,4978.8,54,19,9,51,117,71.3,261,177,84,9.9,92.8
"Predators","NSH","17-18",82,5006.7,53,18,11,47,117,71.3,267,211,56,9.9,92.3
"Bruins","BOS","08-09",82,4926.9,53,19,10,NA,116,70.7,274,196,78,10.9,92.5
"Ducks","ANA","13-14",82,4991,54,20,8,51,116,70.7,266,209,57,10.3,91.4
"Hurricanes","CAR","21-22",82,4969.4,54,20,8,53,116,70.7,278,202,76,9.9,91.3
"Panthers","FLA","20-21",56,3409.5,37,14,5,36,79,70.5,189,153,36,9.6,91
"Red Wings","DET","07-08",82,4978.7,54,21,7,NA,115,70.1,257,184,73,8.9,90.7
"Maple Leafs","TOR","21-22",82,4968.5,54,21,7,51,115,70.1,315,253,62,11,90
"Jets","WPG","17-18",82,4982.2,52,20,10,48,114,69.5,277,218,59,10.3,91.7
"Sharks","S.J","09-10",82,4938.4,51,20,11,NA,113,68.9,264,215,49,10,91.9
"Rangers","NYR","14-15",82,4983.1,53,22,7,49,113,68.9,252,192,60,9.6,92.3
"Lightning","T.B","17-18",82,4979.6,54,23,5,48,113,68.9,296,236,60,10.8,91.3
"Wild","MIN","21-22",82,4996.6,53,22,7,48,113,68.9,310,253,57,11.4,90.3
"Ducks","ANA","12-13",48,2936.3,30,12,6,24,66,68.8,140,118,22,9.9,91.4
"Penguins","PIT","20-21",56,3399.8,37,16,3,34,77,68.8,196,156,40,11.5,90.8
"Maple Leafs","TOR","20-21",56,3386.2,35,14,7,34,77,68.8,187,148,39,10.6,90.5
"Capitals","WSH","20-21",56,3400.7,36,15,5,33,77,68.8,191,163,28,11.4,90
"Red Wings","DET","08-09",82,4927.7,51,21,10,NA,112,68.3,295,244,51,9.7,89.4
"Blackhawks","CHI","09-10",82,5012.6,52,22,8,NA,112,68.3,271,209,62,9.4,90.1
"Avalanche","COL","13-14",82,5003,52,22,8,47,112,68.3,250,220,30,10.1,91.9
"Bruins","BOS","17-18",82,4982.4,50,20,12,47,112,68.3,270,214,56,9.9,91.2
"Canucks","VAN","11-12",82,5021.9,51,22,9,43,111,67.7,249,198,51,9.3,92.4
"Blues","STL","13-14",82,5002,52,23,7,43,111,67.7,248,191,57,9.9,91.3
"Sharks","S.J","13-14",82,5021,51,22,9,41,111,67.7,249,200,49,8.4,91.5
"Penguins","PIT","16-17",82,4989.8,50,21,11,46,111,67.7,282,234,48,10.1,91.4
"Flames","CGY","21-22",82,4966.2,50,21,11,48,111,67.7,293,208,85,10,91.3
"Canadiens","MTL","14-15",82,5007.1,50,22,10,43,110,67.1,221,189,32,9.2,92.6
"Rangers","NYR","21-22",82,4970.8,52,24,6,48,110,67.1,254,207,47,10.5,91.9
"Lightning","T.B","21-22",82,4988.1,51,23,8,49,110,67.1,287,233,54,11.2,90.7
"Lightning","T.B","20-21",56,3389.3,36,17,3,35,75,67,181,147,34,10.6,90.8
"Wild","MIN","20-21",56,3401.8,35,16,5,34,75,67,181,160,21,11.3,90.7
"Rangers","NYR","11-12",82,4998,51,24,7,47,109,66.5,226,187,39,9.5,92
"Blues","STL","11-12",82,5002.1,49,22,11,45,109,66.5,210,165,45,8.2,92.9
"Penguins","PIT","13-14",82,4986.9,51,24,7,44,109,66.5,249,207,42,9.9,91.4
"Ducks","ANA","14-15",82,5002.7,51,24,7,43,109,66.5,236,226,10,9.3,90.7
"Blues","STL","14-15",82,5003.4,51,24,7,42,109,66.5,248,201,47,9.4,91.2
"Stars","DAL","15-16",82,4968.4,50,23,9,48,109,66.5,267,230,37,10.1,90.4
"Blackhawks","CHI","16-17",82,4980,50,23,9,46,109,66.5,244,213,31,9.6,91.8
"Golden Knights","VGK","17-18",82,4985.7,51,24,7,47,109,66.5,272,228,44,10,91.1
"Blues","STL","21-22",82,4964.2,49,22,11,47,109,66.5,311,242,69,12.4,90.8
"Blues","STL","19-20",71,4320.9,42,19,10,40,94,66.2,225,193,32,10.2,91
"Sharks","S.J","07-08",82,4999.8,49,23,10,NA,108,65.9,222,193,29,8.9,90.6
"Capitals","WSH","08-09",82,4985.6,50,24,8,NA,108,65.9,272,245,27,9.8,90.1
"Penguins","PIT","11-12",82,4995.6,51,25,6,42,108,65.9,282,221,61,9.8,90.3
"Lightning","T.B","14-15",82,4977,50,24,8,47,108,65.9,262,211,51,10.7,91
"Blue Jackets","CBJ","16-17",82,4969.7,50,24,8,48,108,65.9,249,195,54,9.7,92.2
"Avalanche","COL","19-20",70,4239.6,42,20,8,41,92,65.7,237,191,46,10.5,91.3
"Lightning","T.B","19-20",70,4243.1,43,21,6,41,92,65.7,245,195,50,11.2,91
"Canadiens","MTL","12-13",48,2918.7,29,14,5,26,63,65.6,149,126,23,9.9,90.4
"Coyotes","ARI","09-10",82,5032.6,50,25,7,NA,107,65.2,225,202,23,8.4,91.9
"Capitals","WSH","10-11",82,4950.6,48,23,11,43,107,65.2,224,197,27,8.5,91.9
"Blackhawks","CHI","13-14",82,5007.4,46,21,15,40,107,65.2,267,220,47,9.6,90.5
"Blues","STL","15-16",82,5005.1,49,24,9,44,107,65.2,224,201,23,8.9,91.9
"Flames","CGY","18-19",82,4950.9,50,25,7,50,107,65.2,289,227,62,10.9,90.3
"Bruins","BOS","18-19",82,4983.5,49,24,9,47,107,65.2,259,215,44,9.6,91.2
"Capitals","WSH","19-20",69,4198,41,20,8,37,90,65.2,240,215,25,10.7,89.8
"Bruins","BOS","20-21",56,3410.4,33,16,7,29,73,65.2,168,136,32,8.8,91.2
"Bruins","BOS","21-22",82,4959.6,51,26,5,49,107,65.2,255,220,35,8.5,90.7
"Devils","N.J","08-09",82,4992.1,51,27,4,NA,106,64.6,244,209,35,8.8,91.4
"Flyers","PHI","10-11",82,4988.3,47,23,12,44,106,64.6,259,223,36,9.8,91.3
"Penguins","PIT","10-11",82,5016.1,49,25,8,39,106,64.6,238,199,39,8.8,91.7
"Bruins","BOS","12-13",48,2923.1,28,14,6,24,62,64.6,131,109,22,8.2,92.3
"Wild","MIN","16-17",82,4967.4,49,25,8,46,106,64.6,266,208,58,10.4,91.6
"Flyers","PHI","19-20",69,4205.6,41,21,7,36,89,64.5,232,196,36,10.5,90.3
"Oilers","EDM","20-21",56,3369.1,35,19,2,35,72,64.3,183,154,29,10.9,91
"Sharks","S.J","10-11",82,4998.8,48,25,9,43,105,64,248,213,35,8.6,91.2
"Ducks","ANA","16-17",82,4979.8,46,23,13,43,105,64,223,200,23,9.1,91.9
"Capitals","WSH","17-18",82,4975.1,49,26,7,46,105,64,259,239,20,10.8,90.9
"Maple Leafs","TOR","17-18",82,4988.1,49,26,7,42,105,64,277,232,45,10.2,91.7
"Canadiens","MTL","07-08",82,4995.5,47,25,10,NA,104,63.4,262,222,40,10.8,91.6
"Blackhawks","CHI","08-09",82,4995.6,46,24,12,NA,104,63.4,264,216,48,9.7,91.1
"Red Wings","DET","10-11",82,5004.6,47,25,10,43,104,63.4,261,241,20,9.3,90.6
"Predators","NSH","11-12",82,4982.7,48,26,8,43,104,63.4,237,210,27,10.3,91.9
"Predators","NSH","14-15",82,5010.1,47,25,10,41,104,63.4,232,208,24,8.6,91.3
"Penguins","PIT","15-16",82,4984.7,48,26,8,44,104,63.4,245,203,42,8.9,91.8
"Capitals","WSH","18-19",82,4977.8,48,26,8,44,104,63.4,278,249,29,11,90.4
"Islanders","NYI","20-21",56,3417.7,32,17,7,28,71,63.4,156,128,28,9.4,92.1
"Oilers","EDM","21-22",82,4979.2,49,27,6,44,104,63.4,290,252,38,10.2,90.5
"Canucks","VAN","09-10",82,4972.8,49,28,5,NA,103,62.8,272,222,50,10.6,91
"Devils","N.J","09-10",82,4990,48,27,7,NA,103,62.8,222,191,31,8.8,91.6
"Bruins","BOS","10-11",82,4980.1,46,25,11,44,103,62.8,246,195,51,9.1,93
"Lightning","T.B","10-11",82,5013.2,46,25,11,40,103,62.8,247,240,7,9.2,90.1
"Flyers","PHI","11-12",82,5002,47,26,9,43,103,62.8,264,232,32,9.8,90.3
"Blackhawks","CHI","15-16",82,4972.6,47,26,9,46,103,62.8,235,209,26,9.4,91.8
"Ducks","ANA","15-16",82,4977,46,25,11,43,103,62.8,218,192,26,8.7,91.7
"Panthers","FLA","15-16",82,4986.2,47,26,9,40,103,62.8,239,203,36,9.8,91.7
"Canadiens","MTL","16-17",82,4987.4,47,26,9,44,103,62.8,226,200,26,9.1,91.8
"Oilers","EDM","16-17",82,4991.1,47,26,9,43,103,62.8,247,212,35,9.5,91.4
"Islanders","NYI","18-19",82,4983.2,48,27,7,43,103,62.8,228,196,32,9.4,92.5
"Penguins","PIT","21-22",82,4992.6,46,25,11,43,103,62.8,272,229,43,9.4,91.4
"Blues","STL","12-13",48,2919.8,29,17,2,24,60,62.5,129,115,14,9.3,90.2
"Penguins","PIT","19-20",69,4194,40,23,6,37,86,62.3,224,196,28,10,90.4
"Penguins","PIT","07-08",82,4986.2,47,27,8,NA,102,62.2,247,216,31,10.6,91.6
"Ducks","ANA","07-08",82,5007.3,47,27,8,NA,102,62.2,205,191,14,8.8,92
"Red Wings","DET","09-10",82,5015.1,44,24,14,NA,102,62.2,229,216,13,8.1,91.4
"Bruins","BOS","11-12",82,4988.9,49,29,4,40,102,62.2,269,202,67,9.8,91.8
"Red Wings","DET","11-12",82,4999.3,48,28,6,39,102,62.2,248,203,45,9.1,91
"Devils","N.J","11-12",82,5013.5,48,28,6,36,102,62.2,228,209,19,9.6,90.7
"Blackhawks","CHI","14-15",82,4994.2,48,28,6,39,102,62.2,229,189,40,7.9,92.5
"Kings","L.A","15-16",82,4984.6,48,28,6,46,102,62.2,225,195,30,8.5,91.5
"Rangers","NYR","16-17",82,4974.2,48,28,6,45,102,62.2,256,220,36,10.4,91.2
"Penguins","PIT","09-10",82,4932.9,47,28,7,NA,101,61.6,257,237,20,9.3,90
"Kings","L.A","09-10",82,5019.9,46,27,9,NA,101,61.6,241,219,22,9.7,90.7
"Blackhawks","CHI","11-12",82,5016.2,45,26,11,38,101,61.6,248,238,10,9.3,90.1
"Lightning","T.B","13-14",82,5013.1,46,27,9,38,101,61.6,240,215,25,9.5,91.3
"Canucks","VAN","14-15",82,4979.8,48,29,5,42,101,61.6,242,222,20,9.6,91
"Capitals","WSH","14-15",82,5001.9,45,26,11,40,101,61.6,242,203,39,9.8,91.6
"Islanders","NYI","14-15",82,5007.9,47,28,7,40,101,61.6,252,230,22,8.9,90.3
"Rangers","NYR","15-16",82,4974.5,46,27,9,43,101,61.6,236,217,19,10,91.4
"Wild","MIN","17-18",82,4978.9,45,26,11,42,101,61.6,253,232,21,10.1,91.1
"Ducks","ANA","17-18",82,5002.3,44,25,13,40,101,61.6,235,216,19,9.3,92.3
"Sharks","S.J","18-19",82,4962.1,46,27,9,46,101,61.6,289,261,28,10.7,88.9
"Kings","L.A","12-13",48,2917.2,27,16,5,25,59,61.5,133,118,15,9.2,90.5
"Canucks","VAN","12-13",48,2943.7,26,15,7,21,59,61.5,127,121,6,9,91.7
"Canucks","VAN","08-09",82,4930.4,45,27,10,NA,100,61,246,220,26,10.5,91.2
"Predators","NSH","09-10",82,4990.8,47,29,6,NA,100,61,225,225,0,8.7,90.8
"Sabres","BUF","09-10",82,4991.8,45,27,10,NA,100,61,235,207,28,8.9,92.2
"Canadiens","MTL","13-14",82,4991.6,46,28,8,40,100,61,215,204,11,9,92.1
"Kings","L.A","13-14",82,5001.5,46,28,8,38,100,61,206,174,32,7.6,92.2
"Wild","MIN","14-15",82,4973.5,46,28,8,42,100,61,231,201,30,9,91.3
"Red Wings","DET","14-15",82,5017.6,43,25,14,39,100,61,235,221,14,9.5,90.9
"Islanders","NYI","15-16",82,5005,45,27,10,40,100,61,232,216,16,9.4,91.5
"Penguins","PIT","17-18",82,4966.3,47,29,6,45,100,61,272,250,22,9.6,90.3
"Sharks","S.J","17-18",82,4985.4,45,27,10,40,100,61,252,229,23,9.1,90.9
"Maple Leafs","TOR","18-19",82,4958.2,46,28,8,46,100,61,286,251,35,10.4,90.8
"Predators","NSH","18-19",82,4967.4,47,29,6,43,100,61,240,214,26,8.8,91.4
"Penguins","PIT","18-19",82,4981.5,44,26,12,42,100,61,273,241,32,9.9,91.3
"Capitals","WSH","21-22",82,4991.8,44,26,12,39,100,61,275,245,30,10.5,89.8
"Golden Knights","VGK","19-20",71,4313.8,39,24,8,36,86,60.6,227,211,16,9.1,90
"Devils","N.J","07-08",82,5002.2,46,29,7,NA,99,60.4,206,197,9,8.4,91.4
"Penguins","PIT","08-09",82,5009.8,45,28,9,NA,99,60.4,264,239,25,10.8,90.6
"Flyers","PHI","08-09",82,5004.8,44,27,11,NA,99,60.4,264,238,26,10.7,91.3
"Ducks","ANA","10-11",82,4992.7,47,30,5,43,99,60.4,239,235,4,10.1,91.2
"Predators","NSH","10-11",82,4994.2,44,27,11,38,99,60.4,219,194,25,9,92.4
"Coyotes","ARI","10-11",82,4995.5,43,26,13,38,99,60.4,231,226,5,9.1,91.8
"Senators","OTT","14-15",82,5026.4,43,26,13,37,99,60.4,238,215,23,9.1,92.1
"Jets","WPG","14-15",82,5009.8,43,26,13,36,99,60.4,230,210,20,9.1,91.3
"Blues","STL","16-17",82,4964.6,46,29,7,44,99,60.4,235,218,17,10,90.7
"Sharks","S.J","16-17",82,4955.9,46,29,7,44,99,60.4,221,201,20,8.9,91.2
"Jets","WPG","18-19",82,4966.7,47,30,5,45,99,60.4,272,244,28,10.6,91.1
"Hurricanes","CAR","18-19",82,4957.9,46,29,7,44,99,60.4,245,223,22,8.6,90.6
"Blues","STL","18-19",82,4981,45,28,9,42,99,60.4,247,223,24,9.4,90.6
"Kings","L.A","21-22",82,4992.2,44,27,11,40,99,60.4,239,236,3,8.2,90.1
"Wild","MIN","07-08",82,4939,44,28,10,NA,98,59.8,223,218,5,10,91.4
"Flames","CGY","08-09",82,4900.2,46,30,6,NA,98,59.8,254,248,6,9.5,89.9
"Kings","L.A","10-11",82,4993.8,46,30,6,36,98,59.8,219,198,21,8.8,91.4
"Wild","MIN","13-14",82,5020,43,27,12,35,98,59.8,207,206,1,9.1,91.3
"Penguins","PIT","14-15",82,5001.6,43,27,12,39,98,59.8,221,210,11,8.4,91.5
"Sharks","S.J","15-16",82,4975.9,46,30,6,42,98,59.8,241,210,31,9.5,90.8
"Senators","OTT","16-17",82,4994,44,28,10,38,98,59.8,212,214,-2,8.4,91.5
"Kings","L.A","17-18",82,4982.5,45,29,8,43,98,59.8,239,203,36,9.3,92
"Flyers","PHI","17-18",82,4996.9,42,26,14,40,98,59.8,251,243,8,9.5,90.4
"Blue Jackets","CBJ","18-19",82,4953.4,47,31,4,45,98,59.8,258,232,26,9.9,90.4
"Stars","DAL","21-22",82,4990.8,46,30,6,41,98,59.8,238,246,-8,9.4,90.4
"Hurricanes","CAR","19-20",68,4129,38,25,5,33,81,59.6,222,193,29,9.6,90.3
"Maple Leafs","TOR","12-13",48,2911.2,26,17,5,26,57,59.4,145,133,12,11.5,91.7
"Capitals","WSH","12-13",48,2909.5,27,18,3,24,57,59.4,149,130,19,10.8,91.6
"Sharks","S.J","12-13",48,2948.3,25,16,7,17,57,59.4,124,116,8,7.6,91.9
"Stars","DAL","19-20",69,4191.8,37,24,8,35,82,59.4,180,177,3,8.4,92
"Stars","DAL","07-08",82,4975.1,45,30,7,NA,97,59.1,242,207,35,10.8,90.5
"Rangers","NYR","07-08",82,5018.5,42,27,13,NA,97,59.1,213,199,14,7.9,91.1
"Hurricanes","CAR","08-09",82,4986,45,30,7,NA,97,59.1,239,226,13,8.8,90.9
"Blackhawks","CHI","10-11",82,5000.2,44,29,9,38,97,59.1,258,225,33,9.6,90.7
"Coyotes","ARI","11-12",82,5012,42,27,13,36,97,59.1,216,204,12,8.6,92.5
"Flames","CGY","14-15",82,4991,45,30,7,41,97,59.1,241,216,25,10.6,91.1
"Lightning","T.B","15-16",82,4966.7,46,31,5,43,97,59.1,227,201,26,9.3,91.6
"Blue Jackets","CBJ","17-18",82,4995.4,45,30,7,39,97,59.1,242,230,12,8.5,91.2
"Devils","N.J","17-18",82,4989.8,44,29,9,39,97,59.1,248,244,4,9.3,90.8
"Predators","NSH","21-22",82,4977.4,45,30,7,41,97,59.1,266,252,14,10.7,90.6
"Islanders","NYI","19-20",68,4146,35,23,10,32,80,58.8,192,193,-1,9.4,91.1
"Canadiens","MTL","10-11",82,4974,44,30,8,41,96,58.5,216,209,7,8.2,91.9
"Sabres","BUF","10-11",82,4999.1,43,29,10,38,96,58.5,245,229,16,8.9,90.9
"Sharks","S.J","11-12",82,5018,43,29,10,34,96,58.5,228,210,18,7.9,91.3
"Rangers","NYR","13-14",82,4966.9,45,31,6,41,96,58.5,218,193,25,7.9,92.1
"Bruins","BOS","14-15",82,5025.3,41,27,14,37,96,58.5,213,211,2,8.2,91.8
"Flyers","PHI","15-16",82,5012.6,41,27,14,38,96,58.5,214,218,-4,8.3,91.7
"Predators","NSH","15-16",82,4980.2,41,27,14,37,96,58.5,228,215,13,8.9,90.5
"Panthers","FLA","17-18",82,4972.5,44,30,8,41,96,58.5,248,246,2,8.7,91.4
"Canadiens","MTL","18-19",82,4957.7,44,30,8,41,96,58.5,249,236,13,8.8,90.7
"Oilers","EDM","19-20",71,4300.1,37,25,9,35,83,58.5,225,217,8,10.6,90.5
"Rangers","NYR","12-13",48,2927.2,26,18,4,22,56,58.3,130,112,18,8.5,92
"Red Wings","DET","12-13",48,2927.7,24,16,8,22,56,58.3,124,115,9,8.4,91.7
"Senators","OTT","12-13",48,2931.5,25,17,6,21,56,58.3,116,104,12,7.1,93.3
"Avalanche","COL","07-08",82,4988.2,44,31,7,NA,95,57.9,231,219,12,9.5,90.3
"Flyers","PHI","07-08",82,4985.7,42,29,11,NA,95,57.9,248,233,15,10.4,91.3
"Rangers","NYR","08-09",82,5010.7,43,30,9,NA,95,57.9,210,218,-8,7.6,91.3
"Avalanche","COL","09-10",82,4995.3,43,30,9,NA,95,57.9,244,233,11,10.4,91.3
"Stars","DAL","10-11",82,5002.2,42,29,11,37,95,57.9,227,233,-6,9.8,91
"Kings","L.A","11-12",82,5018.4,40,27,15,34,95,57.9,194,179,15,7.5,92.4
"Kings","L.A","14-15",82,4990.7,40,27,15,38,95,57.9,220,205,15,8.6,91.1
"Bruins","BOS","16-17",82,4964.1,44,31,7,42,95,57.9,234,212,22,8.5,90.5
"Maple Leafs","TOR","16-17",82,4991.7,40,27,15,39,95,57.9,251,242,9,9.6,91.2
"Avalanche","COL","17-18",82,4962.2,43,30,9,41,95,57.9,257,237,20,10.5,91.4
"Maple Leafs","TOR","19-20",70,4261.9,36,25,9,35,81,57.9,238,227,11,10.3,90.1
"Blue Jackets","CBJ","19-20",70,4261.8,33,22,15,33,81,57.9,180,187,-7,7.9,91.3
"Capitals","WSH","07-08",82,4987.3,43,31,8,NA,94,57.3,242,231,11,9.4,90
"Senators","OTT","07-08",82,4978.6,43,31,8,NA,94,57.3,261,247,14,10.4,90.1
"Flames","CGY","07-08",82,4975.3,42,30,10,NA,94,57.3,229,227,2,9.8,90.4
"Bruins","BOS","07-08",82,4942.7,41,29,12,NA,94,57.3,212,222,-10,8.8,91.4
"Senators","OTT","09-10",82,4986.5,44,32,6,NA,94,57.3,225,238,-13,9,90
"Flames","CGY","10-11",82,5018.7,41,29,12,32,94,57.3,250,237,13,9.6,90.2
"Panthers","FLA","11-12",82,5025.8,38,26,18,32,94,57.3,203,227,-24,8.1,91.4
"Wild","MIN","12-13",48,2919.8,26,19,3,22,55,57.3,122,127,-5,8.5,90.4
"Islanders","NYI","12-13",48,2927.3,24,17,7,20,55,57.3,139,139,0,9.1,89.9
"Blue Jackets","CBJ","12-13",48,2949.9,24,17,7,19,55,57.3,120,119,1,9,92
"Flyers","PHI","13-14",82,4991.7,42,30,10,39,94,57.3,236,235,1,9.4,90.9
"Flames","CGY","16-17",82,4973.9,45,33,4,41,94,57.3,226,221,5,9.3,90.7
"Predators","NSH","16-17",82,4985.8,41,29,12,39,94,57.3,240,224,16,9.3,91.1
"Islanders","NYI","16-17",82,4978.6,41,29,12,39,94,57.3,241,242,-1,9.6,90.9
"Lightning","T.B","16-17",82,4988.1,42,30,10,38,94,57.3,234,227,7,9.4,91
"Blues","STL","17-18",82,4966.9,44,32,6,41,94,57.3,226,222,4,8.3,90.9
"Golden Knights","VGK","21-22",82,4979.8,43,31,8,39,94,57.3,266,248,18,9.3,90.1
"Predators","NSH","20-21",56,3406.8,31,23,2,26,64,57.1,156,154,2,9,91.2
"Canadiens","MTL","08-09",82,5007,41,30,11,NA,93,56.7,249,247,2,9.8,90.8
"Panthers","FLA","08-09",82,4998.3,41,30,11,NA,93,56.7,234,231,3,9.6,92.2
"Rangers","NYR","10-11",82,4991.8,44,33,5,35,93,56.7,233,198,35,9.1,91.9
"Blue Jackets","CBJ","13-14",82,4976.8,43,32,7,38,93,56.7,231,216,15,9.3,91.5
"Red Wings","DET","13-14",82,5026.5,39,28,15,34,93,56.7,222,230,-8,8.9,90.8
"Red Wings","DET","15-16",82,4992.9,41,30,11,39,93,56.7,211,224,-13,8.6,91
"Bruins","BOS","15-16",82,4978.5,42,31,9,38,93,56.7,240,230,10,9,90.9
"Stars","DAL","18-19",82,4962.6,43,32,7,42,93,56.7,210,202,8,8.3,92.3
"Golden Knights","VGK","18-19",82,4959.5,43,32,7,40,93,56.7,249,230,19,8.7,90.5
"Panthers","FLA","19-20",69,4185.2,35,26,8,32,78,56.5,231,228,3,10.1,89.9
"Predators","NSH","19-20",69,4196,35,26,8,32,78,56.5,215,217,-2,9.3,90.1
"Canucks","VAN","19-20",69,4189.2,36,27,6,32,78,56.5,228,217,11,10.4,90.7
"Rangers","NYR","19-20",70,4225.4,37,28,5,36,79,56.4,234,222,12,10.7,90.8
"Flames","CGY","19-20",70,4268.6,36,27,7,30,79,56.4,210,215,-5,9.2,90.6
"Jets","WPG","19-20",71,4300.9,37,28,6,34,80,56.3,216,203,13,9.6,91.3
"Jets","WPG","20-21",56,3381.1,30,23,3,30,63,56.2,170,154,16,10.2,91.1
"Blues","STL","20-21",56,3415.5,27,20,9,25,63,56.2,169,170,-1,10.3,90
"Hurricanes","CAR","07-08",82,4964.6,43,33,6,NA,92,56.1,252,249,3,9.4,89.6
"Blues","STL","08-09",82,4994.8,41,31,10,NA,92,56.1,233,233,0,10,90.3
"Blue Jackets","CBJ","08-09",82,5009.6,41,31,10,NA,92,56.1,226,230,-4,9.3,90.2
"Capitals","WSH","11-12",82,4985.8,42,32,8,38,92,56.1,222,230,-8,9.5,90.9
"Senators","OTT","11-12",82,4995.3,41,31,10,35,92,56.1,249,240,9,9.4,91
"Stars","DAL","14-15",82,4977.6,41,31,10,37,92,56.1,261,260,1,10,89.5
"Stars","DAL","17-18",82,4981.2,42,32,8,38,92,56.1,235,225,10,9,90.9
"Canucks","VAN","21-22",82,4983.9,40,30,12,37,92,56.1,249,236,13,9.4,91.2
"Wild","MIN","19-20",69,4180.4,35,27,7,33,77,55.8,220,220,0,10.5,89.7
"Predators","NSH","07-08",82,4982.8,41,32,9,NA,91,55.5,230,229,1,9.4,90.8
"Ducks","ANA","08-09",82,4987.6,42,33,7,NA,91,55.5,245,238,7,9.6,90.6
"Sabres","BUF","08-09",82,4998.2,41,32,9,NA,91,55.5,250,234,16,9.7,91.1
"Bruins","BOS","09-10",82,5032.5,39,30,13,NA,91,55.5,206,200,6,7.5,92.2
"Hurricanes","CAR","10-11",82,4936.7,40,31,11,35,91,55.5,236,239,-3,9.3,91.4
"Stars","DAL","13-14",82,4991.3,40,31,11,36,91,55.5,235,228,7,8.9,91.1
"Panthers","FLA","14-15",82,5022.8,38,29,15,30,91,55.5,206,223,-17,7.9,91.2
"Sabres","BUF","07-08",82,4950.5,39,31,12,NA,90,54.9,255,242,13,10.2,89.9
"Blues","STL","09-10",82,5002.1,40,32,10,NA,90,54.9,225,223,2,8.9,91.2
"Flames","CGY","09-10",82,4979.9,40,32,10,NA,90,54.9,204,210,-6,8.5,91.4
"Flames","CGY","11-12",82,5008.1,37,29,16,34,90,54.9,202,226,-24,8.8,91.4
"Capitals","WSH","13-14",82,5037.1,38,30,14,28,90,54.9,235,240,-5,9.3,91.7
"Avalanche","COL","14-15",82,5014.9,39,31,12,29,90,54.9,219,227,-8,9.1,91.8
"Avalanche","COL","18-19",82,4972.7,38,30,14,36,90,54.9,260,246,14,9.6,90.7
"Wild","MIN","08-09",82,4986.9,40,33,9,NA,89,54.3,219,200,19,9.5,92.2
"Ducks","ANA","09-10",82,4995.9,39,32,11,NA,89,54.3,238,251,-13,9.4,91.1
"Stars","DAL","11-12",82,4989,42,35,5,35,89,54.3,211,222,-11,8.8,91.4
"Sabres","BUF","11-12",82,5010.6,39,32,11,32,89,54.3,218,230,-12,8.8,91.3
"Coyotes","ARI","13-14",82,5016.4,37,30,15,31,89,54.3,216,231,-15,8.4,91.2
"Sharks","S.J","14-15",82,4981.6,40,33,9,36,89,54.3,228,232,-4,8.6,90.7
"Blue Jackets","CBJ","14-15",82,4998.1,42,35,5,33,89,54.3,236,250,-14,9.6,91
"Jets","WPG","21-22",82,4977.1,39,32,11,37,89,54.3,252,257,-5,9.5,90.7
"Oilers","EDM","07-08",82,5035.4,41,35,6,NA,88,53.7,235,251,-16,10.2,90.4
"Blackhawks","CHI","07-08",82,4921,40,34,8,NA,88,53.7,239,235,4,10.3,90.1
"Canucks","VAN","07-08",82,5006.5,39,33,10,NA,88,53.7,213,215,-2,9.2,91.3
"Predators","NSH","08-09",82,4996,40,34,8,NA,88,53.7,213,233,-20,8.7,90.5
"Flyers","PHI","09-10",82,4969.3,41,35,6,NA,88,53.7,236,225,11,9,90.5
"Canadiens","MTL","09-10",82,5016,39,33,10,NA,88,53.7,217,223,-6,9,91.7
"Stars","DAL","09-10",82,4958,37,31,14,NA,88,53.7,237,254,-17,9.1,90.5
"Avalanche","COL","11-12",82,5006.5,41,35,6,32,88,53.7,208,220,-12,7.7,91
"Predators","NSH","13-14",82,4989.9,38,32,12,36,88,53.7,216,242,-26,9,90.1
"Devils","N.J","13-14",82,5014.6,35,29,18,35,88,53.7,197,208,-11,9,90.7
"Senators","OTT","13-14",82,5008.7,37,31,14,30,88,53.7,236,265,-29,8.5,90.9
"Flyers","PHI","16-17",82,5007.7,39,33,10,32,88,53.7,219,236,-17,8.2,90.1
"Rangers","NYR","20-21",56,3390.4,27,23,6,26,60,53.6,177,157,20,10.9,90.7
"Stars","DAL","20-21",56,3435.2,23,19,14,21,60,53.6,158,154,4,9.2,90.3
"Jets","WPG","12-13",48,2917.4,24,21,3,22,51,53.1,128,144,-16,9.1,90.1
"Coyotes","ARI","12-13",48,2945.2,21,18,9,17,51,53.1,125,131,-6,8.2,91.5
"Rangers","NYR","09-10",82,4977.1,38,33,11,NA,87,53,222,218,4,9,91.3
"Blues","STL","10-11",82,4987.8,38,33,11,34,87,53,240,234,6,9.5,90
"Wild","MIN","15-16",82,4978.5,38,33,11,35,87,53,216,206,10,9,91.3
"Jets","WPG","16-17",82,4964.8,40,35,7,37,87,53,249,256,-7,10,90
"Hurricanes","CAR","16-17",82,4993.1,36,31,15,33,87,53,215,236,-21,8.5,90.1
"Coyotes","ARI","19-20",70,4260.1,33,29,8,28,74,52.9,195,187,8,8.6,91.9
"Canadiens","MTL","20-21",56,3409.2,24,21,11,23,59,52.7,159,168,-9,9,89.6
"Wild","MIN","10-11",82,4985.2,39,35,8,36,86,52.4,206,233,-27,9.5,91.3
"Hurricanes","CAR","15-16",82,5004.6,35,31,16,33,86,52.4,198,226,-28,8,90.2
"Kings","L.A","16-17",82,4978.5,39,35,8,37,86,52.4,201,205,-4,7.8,90.5
"Coyotes","ARI","18-19",82,4980.4,39,35,8,35,86,52.4,213,223,-10,8.3,91.3
"Panthers","FLA","18-19",82,4999.2,36,32,14,33,86,52.4,267,280,-13,9.8,89.2
"Panthers","FLA","07-08",82,4988,38,35,9,NA,85,51.8,216,226,-10,8.3,92
"Oilers","EDM","08-09",82,4985,38,35,9,NA,85,51.8,234,248,-14,9.9,90.9
"Maple Leafs","TOR","10-11",82,4994.7,37,34,11,32,85,51.8,218,251,-33,9,90.4
"Senators","OTT","15-16",82,5003.6,38,35,9,32,85,51.8,236,247,-11,9.9,91
"Flyers","PHI","20-21",56,3420.8,25,23,8,22,58,51.8,163,201,-38,9.5,88
"Blackhawks","CHI","19-20",70,4256,32,30,8,28,72,51.4,212,218,-6,9.3,91.3
"Wild","MIN","09-10",82,4994.9,38,36,8,NA,84,51.2,219,246,-27,9.4,90.1
"Lightning","T.B","11-12",82,4991,38,36,8,35,84,51.2,235,281,-46,10.4,88.9
"Jets","WPG","11-12",82,4985.5,37,35,10,33,84,51.2,225,246,-21,8.9,90.2
"Jets","WPG","13-14",82,5013,37,35,10,29,84,51.2,227,237,-10,8.7,90.7
"Maple Leafs","TOR","13-14",82,5007.2,38,36,8,29,84,51.2,231,256,-25,9.7,91.4
"Flyers","PHI","14-15",82,5021.4,33,31,18,30,84,51.2,215,234,-19,8.8,91
"Devils","N.J","15-16",82,4991.3,38,36,8,36,84,51.2,184,208,-24,9.1,91.4
"Flames","CGY","17-18",82,4979.8,37,35,10,35,84,51.2,218,248,-30,7.8,90.5
"Blackhawks","CHI","18-19",82,4979.3,36,34,12,33,84,51.2,270,292,-22,10,89.8
"Islanders","NYI","21-22",82,4970.2,37,35,10,35,84,51.2,231,237,-6,9.7,91.3
"Flyers","PHI","12-13",48,2900.9,23,22,3,22,49,51,133,141,-8,9.5,89.9
"Coyotes","ARI","07-08",82,4995.4,38,37,7,NA,83,50.6,214,231,-17,8.4,91.1
"Maple Leafs","TOR","07-08",82,4991.4,36,35,11,NA,83,50.6,231,260,-29,9,89.3
"Senators","OTT","08-09",82,4993.5,36,35,11,NA,83,50.6,217,237,-20,8.9,90.1
"Stars","DAL","08-09",82,5004.6,36,35,11,NA,83,50.6,230,257,-27,9.5,89.1
"Thrashers","ATL","09-10",82,4988,35,34,13,NA,83,50.6,234,256,-22,9.5,90.8
"Hurricanes","CAR","13-14",82,4979.1,36,35,11,34,83,50.6,207,230,-23,8,91.1
"Canucks","VAN","13-14",82,5007.9,36,35,11,31,83,50.6,196,223,-27,7.6,90.7
"Hurricanes","CAR","17-18",82,4982,36,35,11,33,83,50.6,228,256,-28,8.1,89.3
"Wild","MIN","18-19",82,4968.1,37,36,9,36,83,50.6,211,237,-26,8.2,90.4
"Hurricanes","CAR","11-12",82,4988.7,33,33,16,32,82,50,213,243,-30,8.5,91.1
"Stars","DAL","12-13",48,2906.1,22,22,4,20,48,50,130,142,-12,10.2,90.5
"Devils","N.J","12-13",48,2937.8,19,19,10,17,48,50,112,129,-17,8.1,89
"Sabres","BUF","12-13",48,2946.1,21,21,6,14,48,50,125,143,-18,8.8,91.3
"Avalanche","COL","15-16",82,4958.5,39,39,4,35,82,50,216,240,-24,9,90.9
"Canadiens","MTL","15-16",82,4973.8,38,38,6,33,82,50,221,236,-15,8.6,90.3
"Flyers","PHI","18-19",82,4963.8,37,37,8,34,82,50,244,281,-37,9.3,89.5
"Canadiens","MTL","19-20",71,4309.9,31,31,9,27,71,50,212,221,-9,8.6,90
"Maple Leafs","TOR","08-09",82,4945.9,34,35,13,NA,81,49.4,250,293,-43,9.4,88.5
"Devils","N.J","10-11",82,4975.9,38,39,5,35,81,49.4,174,209,-35,7.3,90.4
"Blue Jackets","CBJ","10-11",82,5011.6,34,35,13,29,81,49.4,215,258,-43,8.4,89.8
"Wild","MIN","11-12",82,5030.6,35,36,11,24,81,49.4,177,226,-49,7.6,91.6
"Sabres","BUF","15-16",82,4991.1,35,36,11,33,81,49.4,201,222,-21,8.2,91.4
"Panthers","FLA","16-17",82,5007.4,35,36,11,30,81,49.4,210,237,-27,7.8,91.1
"Canucks","VAN","18-19",82,5010,35,36,11,29,81,49.4,225,254,-29,9,90.5
"Blue Jackets","CBJ","21-22",82,4971.9,37,38,7,33,81,49.4,262,300,-38,10.5,89.7
"Sabres","BUF","19-20",69,4184.5,30,31,8,28,68,49.3,195,217,-22,9.5,90
"Devils","N.J","19-20",69,4204.7,28,29,12,24,68,49.3,189,230,-41,8.7,90.1
"Flames","CGY","20-21",56,3376.8,26,27,3,25,55,49.1,156,161,-5,9.2,89.9
"Blackhawks","CHI","20-21",56,3415.3,24,25,7,22,55,49.1,161,186,-25,9.7,90.3
"Blue Jackets","CBJ","07-08",82,4988.1,34,36,12,NA,80,48.8,193,218,-25,8,90.7
"Hurricanes","CAR","09-10",82,4926.7,35,37,10,NA,80,48.8,230,256,-26,9.4,90.2
"Lightning","T.B","09-10",82,5002,34,36,12,NA,80,48.8,217,260,-43,9,90.2
"Thrashers","ATL","10-11",82,5012.8,34,36,12,29,80,48.8,223,269,-46,8.4,90.1
"Ducks","ANA","11-12",82,4986.9,34,36,12,31,80,48.8,204,231,-27,8.8,90.5
"Maple Leafs","TOR","11-12",82,4986.7,35,37,10,31,80,48.8,231,264,-33,9.8,89.8
"Islanders","NYI","17-18",82,4983.5,35,37,10,32,80,48.8,264,296,-32,10.1,90
"Ducks","ANA","18-19",82,4972,35,37,10,32,80,48.8,199,251,-52,8.6,90.9
"Islanders","NYI","07-08",82,4988.3,35,38,9,NA,79,48.2,194,243,-49,7.7,90.4
"Blues","STL","07-08",82,4979.1,33,36,13,NA,79,48.2,205,237,-32,9.4,89.7
"Coyotes","ARI","08-09",82,4901.5,36,39,7,NA,79,48.2,208,252,-44,8.9,90.3
"Kings","L.A","08-09",82,5002.3,34,37,11,NA,79,48.2,207,234,-27,8.5,90.2
"Islanders","NYI","09-10",82,4955.2,34,37,11,NA,79,48.2,222,264,-42,8.5,90.2
"Blue Jackets","CBJ","09-10",82,4937.4,32,35,15,NA,79,48.2,216,259,-43,9.1,89.9
"Islanders","NYI","11-12",82,4999.6,34,37,11,27,79,48.2,203,255,-52,8.1,89.8
"Islanders","NYI","13-14",82,5016,34,37,11,25,79,48.2,225,267,-42,8.5,89.4
"Stars","DAL","16-17",82,4960.1,34,37,11,33,79,48.2,223,262,-39,8.9,89.4
"Red Wings","DET","16-17",82,5018.6,33,36,13,24,79,48.2,207,244,-37,8.5,90.3
"Oilers","EDM","18-19",82,4967.6,35,38,9,32,79,48.2,232,274,-42,9.6,89.6
"Coyotes","ARI","20-21",56,3399.3,24,26,6,21,54,48.2,153,176,-23,9.8,89.8
"Canadiens","MTL","11-12",82,5017.9,31,35,16,26,78,47.6,212,226,-14,8.8,91.2
"Devils","N.J","14-15",82,4998.1,32,36,14,27,78,47.6,181,216,-35,8.8,91.7
"Coyotes","ARI","15-16",82,4956.2,35,39,8,34,78,47.6,209,245,-36,9.2,90.4
"Jets","WPG","15-16",82,4971.4,35,39,8,32,78,47.6,215,239,-24,8.7,90.3
"Sabres","BUF","16-17",82,4984.9,33,37,12,31,78,47.6,201,237,-36,8,91.8
"Oilers","EDM","17-18",82,4976.5,36,40,6,31,78,47.6,234,263,-29,8.4,90.1
"Rangers","NYR","18-19",82,5002.7,32,36,14,26,78,47.6,227,272,-45,9.2,90.4
"Ducks","ANA","19-20",71,4321,29,33,9,24,67,47.2,187,226,-39,8.6,90.2
"Panthers","FLA","09-10",82,5008.2,32,37,13,NA,77,47,208,244,-36,8.7,91.6
"Flames","CGY","13-14",82,4995,35,40,7,28,77,47,209,241,-32,9.2,89.9
"Flames","CGY","15-16",82,4973.2,35,40,7,33,77,47,231,260,-29,9.5,89.2
"Rangers","NYR","17-18",82,4979.5,34,39,9,31,77,47,231,268,-37,9,90.9
"Sharks","S.J","21-22",82,4975.6,32,37,13,29,77,47,214,264,-50,8.8,90
"Oilers","EDM","12-13",48,2923.7,19,22,7,17,45,46.9,125,134,-9,9.6,91.7
"Thrashers","ATL","07-08",82,5012,34,40,8,NA,76,46.3,216,272,-56,9.8,90.4
"Thrashers","ATL","08-09",82,4981.5,35,41,6,NA,76,46.3,257,280,-23,10.8,89.6
"Blue Jackets","CBJ","15-16",82,4985.3,34,40,8,28,76,46.3,219,252,-33,8.9,90.3
"Blackhawks","CHI","17-18",82,4966.3,33,39,10,32,76,46.3,229,256,-27,8.2,90.6
"Sabres","BUF","18-19",82,4994.4,33,39,10,28,76,46.3,226,271,-45,8.2,90.1
"Ducks","ANA","21-22",82,5002,31,37,14,27,76,46.3,232,271,-39,9.5,90.2
"Canucks","VAN","15-16",82,5004.4,31,38,13,26,75,45.7,191,243,-52,8,91
"Kings","L.A","19-20",70,4240.2,29,35,6,28,64,45.7,178,212,-34,7.6,89.9
"Sabres","BUF","21-22",82,4974.5,32,39,11,29,75,45.7,232,290,-58,9.3,89.4
"Senators","OTT","20-21",56,3392.1,23,28,5,21,51,45.5,157,190,-33,9.3,89.5
"Maple Leafs","TOR","09-10",82,5003.2,30,38,14,NA,74,45.1,214,267,-53,7.9,89.2
"Senators","OTT","10-11",82,4972,32,40,10,30,74,45.1,192,250,-58,8,90.4
"Oilers","EDM","11-12",82,4987.3,32,40,10,27,74,45.1,212,239,-27,9.5,90.8
"Red Wings","DET","18-19",82,4997,32,40,10,29,74,45.1,227,277,-50,9.4,90.1
"Red Wings","DET","21-22",82,4982.1,32,40,10,29,74,45.1,230,312,-82,9.4,88.8
"Sharks","S.J","19-20",70,4233.4,29,36,5,27,63,45,182,226,-44,8.6,89.5
"Canucks","VAN","20-21",56,3389.2,23,29,4,20,50,44.6,151,188,-37,9.1,90
"Islanders","NYI","10-11",82,5013.1,30,39,13,26,73,44.5,229,264,-35,9.3,90.2
"Canucks","VAN","17-18",82,4973,31,40,11,31,73,44.5,218,264,-46,8.8,90.2
"Red Wings","DET","17-18",82,4984,30,39,13,25,73,44.5,217,255,-38,8.5,90.3
"Senators","OTT","21-22",82,4967,33,42,7,30,73,44.5,227,266,-39,9.1,90.4
"Panthers","FLA","10-11",82,5004.1,30,40,12,26,72,43.9,195,229,-34,7.7,91.5
"Devils","N.J","18-19",82,4984.4,31,41,10,28,72,43.9,222,275,-53,8.8,89.6
"Flames","CGY","12-13",48,2901.2,19,25,4,19,42,43.8,128,160,-32,9.9,88.9
"Hurricanes","CAR","12-13",48,2898.4,19,25,4,18,42,43.8,128,160,-32,8.2,89.7
"Kings","L.A","20-21",56,3390.6,21,28,7,20,49,43.8,143,170,-27,8.9,90.3
"Sharks","S.J","20-21",56,3409.3,21,28,7,16,49,43.8,151,199,-48,8.7,89.1
"Senators","OTT","19-20",71,4322.9,25,34,12,24,62,43.7,191,243,-52,8.7,90
"Kings","L.A","07-08",82,4976.9,32,43,7,NA,71,43.3,231,266,-35,9.6,90
"Lightning","T.B","07-08",82,4963.4,31,42,9,NA,71,43.3,223,267,-44,9.4,88.5
"Hurricanes","CAR","14-15",82,4999,30,41,11,25,71,43.3,188,226,-38,7.3,90.2
"Canadiens","MTL","17-18",82,4979.7,29,40,13,27,71,43.3,209,264,-55,7.7,90.3
"Kings","L.A","18-19",82,4980.7,31,42,9,28,71,43.3,202,263,-61,8.4,90
"Red Wings","DET","20-21",56,3403.1,19,27,10,17,48,42.9,127,171,-44,8.2,90.6
"Blue Jackets","CBJ","20-21",56,3419.8,18,26,12,15,48,42.9,137,187,-50,8.2,89.9
"Predators","NSH","12-13",48,2929.4,16,23,9,14,41,42.7,111,139,-28,8.8,90
"Oilers","EDM","15-16",82,4981.9,31,43,8,27,70,42.7,203,245,-42,8.3,90.5
"Devils","N.J","16-17",82,4987.6,28,40,14,25,70,42.7,183,244,-61,7.9,90.6
"Coyotes","ARI","16-17",82,4985.8,30,42,10,24,70,42.7,197,260,-63,8.4,90.8
"Coyotes","ARI","17-18",82,4999.2,29,41,12,27,70,42.7,208,256,-48,8.4,90.5
"Avalanche","COL","08-09",82,4989.7,32,45,5,NA,69,42.1,199,257,-58,8.1,89.3
"Maple Leafs","TOR","15-16",82,4996.5,29,42,11,23,69,42.1,198,246,-48,7.6,90.4
"Canucks","VAN","16-17",82,4979.6,30,43,9,26,69,42.1,182,243,-61,7.8,90.8
"Lightning","T.B","12-13",48,2904.3,18,26,4,17,40,41.7,148,150,-2,11.1,89.9
"Avalanche","COL","10-11",82,4990.5,30,44,8,24,68,41.5,227,288,-61,9.2,89
"Maple Leafs","TOR","14-15",82,4990,30,44,8,25,68,41.5,211,262,-51,8.6,90.6
"Blackhawks","CHI","21-22",82,4996.3,28,42,12,22,68,41.5,219,291,-72,9,89.3
"Oilers","EDM","13-14",82,4981.9,29,44,9,25,67,40.9,203,270,-67,9,90.1
"Senators","OTT","17-18",82,4985.1,28,43,11,26,67,40.9,221,291,-70,8.7,89.5
"Avalanche","COL","12-13",48,2930.5,16,25,7,14,39,40.6,116,152,-36,8.1,90.1
"Lightning","T.B","08-09",82,5008.2,24,40,18,NA,66,40.2,210,279,-69,8.9,90
"Panthers","FLA","13-14",82,4996.9,29,45,8,21,66,40.2,196,268,-72,7.7,89.7
"Devils","N.J","20-21",56,3402.9,19,30,7,19,45,40.2,145,194,-49,9,89.1
"Blue Jackets","CBJ","11-12",82,4973.8,29,46,7,25,65,39.6,202,262,-60,8.1,89.9
"Senators","OTT","18-19",82,4944.6,29,47,6,29,64,39,242,302,-60,10,89.7
"Ducks","ANA","20-21",56,3400.2,17,30,9,15,43,38.4,126,179,-53,8.3,89.7
"Devils","N.J","21-22",82,4978.5,27,46,9,24,63,38.4,248,307,-59,9.6,88.1
"Oilers","EDM","09-10",82,4997.1,27,47,8,NA,62,37.8,214,284,-70,8.9,89.8
"Oilers","EDM","10-11",82,4989.6,25,45,12,23,62,37.8,193,269,-76,8.7,90
"Oilers","EDM","14-15",82,5004.3,24,44,14,19,62,37.8,198,283,-85,8.3,88.8
"Sabres","BUF","17-18",82,4974,25,45,12,24,62,37.8,199,280,-81,7.7,89.6
"Panthers","FLA","12-13",48,2914.8,15,27,6,12,36,37.5,112,171,-59,7.8,88.6
"Islanders","NYI","08-09",82,4976.5,26,47,9,NA,61,37.2,201,279,-78,8.3,90
"Flyers","PHI","21-22",82,4968.8,25,46,11,24,61,37.2,211,298,-87,8.3,89.4
"Kraken","SEA","21-22",82,4949.8,27,49,6,24,60,36.6,216,285,-69,8.9,88
"Coyotes","ARI","21-22",82,4969.4,25,50,7,24,57,34.8,207,313,-106,9.7,89.4
"Coyotes","ARI","14-15",82,4995.4,24,50,8,19,56,34.1,170,272,-102,6.9,90.2
"Canadiens","MTL","21-22",82,4972.2,22,49,11,19,55,33.5,221,319,-98,8.9,88.8
"Sabres","BUF","20-21",56,3404.3,15,34,7,11,37,33,138,199,-61,8.4,89.6
"Sabres","BUF","14-15",82,4990,23,51,8,15,54,32.9,161,274,-113,7.7,90.8
"Sabres","BUF","13-14",82,4994.5,21,51,10,14,52,31.7,157,248,-91,7,91.4
"Avalanche","COL","16-17",82,4953.8,22,56,4,21,48,29.3,166,278,-112,7.2,89.4
"Red Wings","DET","19-20",71,4290.5,17,49,5,14,39,27.5,145,267,-122,7.4,88.6
